{"cameraMode":{"drawMode":0,"name":"Shaded","section":"Shading Mode"},"sceneLighting":true,"audioPlay":false,"sceneViewState":{"showFog":true,"showMaterialUpdate":false,"showSkybox":true,"showFlares":true,"showImageEffects":true,"showParticleSystems":true},"in2DMode":false,"pivot":{"x":4.994669437408447,"y":-1.7250432968139649,"z":8.227578163146973},"rotation":{"x":-0.30905425548553469,"y":0.29884105920791628,"z":-0.10296528786420822,"w":-0.8969825506210327},"size":6.448747158050537,"orthographic":false}